{"root":[{"assemblyName":"Assembly-CSharp-firstpass","nameSpace":"Crosstales.FB.Util","className":"SetupProject","methodName":"setup","loadTypes":1,"isUnityClass":false},{"assemblyName":"Assembly-CSharp-firstpass","nameSpace":"Crosstales.Common.Util","className":"BaseHelper","methodName":"initialize","loadTypes":0,"isUnityClass":false},{"assemblyName":"Assembly-CSharp-firstpass","nameSpace":"Crosstales.Common.Util","className":"CTHelper","methodName":"initialize","loadTypes":1,"isUnityClass":false},{"assemblyName":"Assembly-CSharp-firstpass","nameSpace":"Crosstales.Common.Util","className":"CTHelper","methodName":"create","loadTypes":0,"isUnityClass":false},{"assemblyName":"Assembly-CSharp-firstpass","nameSpace":"Crosstales.Common.Util","className":"FileHelper","methodName":"initialize","loadTypes":0,"isUnityClass":false},{"assemblyName":"Assembly-CSharp-firstpass","nameSpace":"Crosstales.Common.Util","className":"SingletonHelper","methodName":"initialize","loadTypes":1,"isUnityClass":false},{"assemblyName":"Unity.Services.Core.Internal","nameSpace":"Unity.Services.Core.Internal","className":"TaskAsyncOperation","methodName":"SetScheduler","loadTypes":1,"isUnityClass":true},{"assemblyName":"Unity.Services.Core.Internal","nameSpace":"Unity.Services.Core.Internal","className":"UnityServicesInitializer","methodName":"CreateStaticInstance","loadTypes":2,"isUnityClass":true},{"assemblyName":"Unity.Services.Core.Internal","nameSpace":"Unity.Services.Core.Internal","className":"UnityServicesInitializer","methodName":"EnableServicesInitializationAsync","loadTypes":0,"isUnityClass":true},{"assemblyName":"Unity.Services.Core","nameSpace":"Unity.Services.Core","className":"UnityThreadUtils","methodName":"CaptureUnityThreadInfo","loadTypes":4,"isUnityClass":true},{"assemblyName":"Unity.VisualScripting.Core","nameSpace":"Unity.VisualScripting","className":"RuntimeVSUsageUtility","methodName":"RuntimeInitializeOnLoadBeforeSceneLoad","loadTypes":1,"isUnityClass":true},{"assemblyName":"Unity.Services.Core.Registration","nameSpace":"Unity.Services.Core.Registration","className":"CorePackageInitializer","methodName":"Register","loadTypes":1,"isUnityClass":true},{"assemblyName":"Unity.2D.Animation.Runtime","nameSpace":"","className":"$BurstDirectCallInitializer","methodName":"Initialize","loadTypes":2,"isUnityClass":true}]}
